,Country,Time,Happiness Score,"Fertility rate, total (births per woman)","Life expectancy at birth, total (years)","Mortality rate, infant (per 1,000 live births)",Population growth (annual %),Rural population (% of total population),GDP (current US$),GDP per capita (current US$),Population aged 14 years or younger ,Population aged 15-24 years ,Population aged 25-64 years ,Population aged 65 years or older ,"Prevalence of HIV, total (% of population ages 15-49)",Poverty headcount ratio at $1.90 a day (PPP) (% of population),Total population 
0,Australia,2015,7.284,1.814,82.4,3.2,1.4392200000000002,14.299000000000001,1349034029453.37,56644.03396,4520.213,3172.395,12684.813999999998,3555.08,0.1,0.0,23932.502
1,Australia,2016,7.313,1.7519999999999998,82.44878,3.1,1.5619399999999999,14.2,1208039015868.39,49937.73139,4598.344,3155.24,12835.482,3673.6459999999997,0.1,0.0,24262.712000000003
2,Australia,2017,7.28399991989136,1.765,82.49756,3.0,1.68452,14.095999999999998,1323421072479.07,53793.537260000005,4687.067,3135.675,12974.858,3787.02,0.1,0.0,24584.62
3,Austria,2015,7.2,1.49,81.19024,3.0,1.12099,42.285,381805676697.70703,44176.67174,1225.425,1008.434,4809.7,1635.101,0.1,0.7,8678.66
4,Austria,2016,7.119,1.53,81.64146,3.0,1.0814,42.095,394052818287.78796,45103.32981,1239.55,1001.79,4851.920999999999,1654.04,0.1,0.0,8747.301
5,Austria,2017,7.00600004196167,1.53,81.64146,2.9,0.69462,41.906000000000006,416835975862.193,47380.829639999996,1255.153,993.08,4899.717000000001,1671.951,0.1,0.0,8819.901
6,Belgium,2015,6.937,1.7,80.99268000000001,3.2,0.57945,2.124,455837758493.34796,40431.95262,1919.4189999999999,1325.25,5995.378000000001,2047.8929999999998,0.0,0.0,11287.94
7,Belgium,2016,6.928999999999999,1.68,81.43902,3.1,0.5063,2.081,469738715754.105,41454.52493,1932.148,1319.999,6016.255,2086.018,0.0,0.0,11354.42
8,Belgium,2017,6.89099979400635,1.68,81.43902,3.1,0.44881000000000004,2.039,494763551890.776,43467.4459,1945.523,1313.102,6038.868,2122.255,0.0,0.0,11419.748
9,Canada,2015,7.4270000000000005,1.5630000000000002,81.9,4.7,0.8327700000000001,18.741,1552521512853.35,43327.17364,5761.1990000000005,4648.731,19833.155,5783.590999999999,0.0,0.0,36026.676
10,Canada,2016,7.404,1.5433,82.30051,4.6,1.19865,18.7,1526953791566.99,42105.90006,5784.173000000001,4620.4490000000005,19991.505,5986.816999999999,0.0,0.0,36382.943999999996
11,Canada,2017,7.31599998474121,1.4961,82.47049,4.5,1.21548,18.65,1647120175449.13,44870.77616,5829.397,4562.767,20153.331000000002,6186.6,0.0,0.0,36732.095
12,Denmark,2015,7.527,1.71,80.70244,3.6,0.7064199999999999,12.474,302673037998.602,53254.850589999995,958.1560000000001,749.049,2897.9390000000003,1083.5510000000002,0.1,0.2,5688.695
13,Denmark,2016,7.526,1.79,80.85365999999999,3.7,0.7803899999999999,12.357999999999999,311988101661.74396,54467.101429999995,947.928,747.903,2906.2340000000004,1109.2839999999999,0.1,0.0,5711.349
14,Denmark,2017,7.52199983596802,1.79,81.00488,3.7,0.64335,12.243,329865537183.471,57218.85196,945.3489999999999,741.063,2918.926,1126.9360000000001,0.1,0.0,5732.274
15,Finland,2015,7.406000000000001,1.65,81.48049,2.0,0.32938,14.775,232850788304.513,42494.65662,898.6110000000001,650.09,2822.802,1109.619,0.0,0.0,5481.121999999999
16,Finland,2016,7.412999999999999,1.57,81.42926999999999,1.9,0.28742,14.725,239009517793.721,43493.41934,897.9889999999999,643.249,2813.448,1143.027,0.0,0.0,5497.713000000001
17,Finland,2017,7.468999862670901,1.57,81.42926999999999,1.9,0.23467,14.675,252301837573.029,45804.65421,895.6619999999999,634.196,2808.762,1172.751,0.0,0.0,5511.371
18,France,2015,6.575,1.96,82.32195,3.5,0.41723999999999994,20.345,2438207896251.84,36613.37522,11828.716999999999,7546.8240000000005,32908.176,12169.483,0.5,0.0,64453.2
19,France,2016,6.478,1.92,82.52439,3.5,0.39924,20.083,2465134297438.91,36870.21913,11798.946000000002,7542.028,32856.042,12470.58,0.5,0.0,64667.596
20,France,2017,6.44199991226196,1.92,82.52439,3.5,0.36688000000000004,19.82,2582501307216.42,38484.18992,11742.866000000002,7544.275,32801.497,12753.871000000001,0.5,0.0,64842.509000000005
21,Germany,2015,6.75,1.5,80.64146,3.3,0.8657,22.8,3381389338658.82,41394.65816,10809.792,8664.76,44958.723,17354.136000000002,0.2,0.0,81787.411
22,Germany,2016,6.994,1.59,80.99024,3.2,0.8072199999999999,22.776,3495162856297.22,42443.46507,10944.346000000001,8666.214,45085.215,17497.993000000002,0.2,0.0,82193.768
23,Germany,2017,6.9510002136230495,1.57,80.99024,3.1,0.40859,22.739,3693204332229.78,44665.506369999996,11118.125,8683.341,45191.611,17665.332,0.2,0.0,82658.409
24,Greece,2015,4.857,1.33,81.03659,3.9,-0.65886,21.954,196591353761.226,18167.773719999997,1552.043,1086.327,5801.9130000000005,2219.467,0.2,1.5,10659.75
25,Greece,2016,5.033,1.38,81.3878,4.2,-0.41591000000000006,21.613000000000003,195222443512.93698,18116.459619999998,1523.839,1076.202,5772.16,2242.984,0.2,0.0,10615.185
26,Greece,2017,5.2270002365112305,1.38,81.3878,4.3,-0.20845999999999998,21.276,203085551429.132,18885.475980000003,1501.37,1067.646,5738.64,2261.794,0.2,0.0,10569.45
27,Hungary,2015,4.8,1.45,75.56829,4.3,-0.23786,29.5,123074092703.14099,12503.68207,1412.775,1142.326,5514.736,1708.086,0.1,0.5,9777.923
28,Hungary,2016,5.145,1.53,76.06341,4.1,-0.29511,29.221,126007978024.32,12839.58454,1401.602,1115.558,5480.0509999999995,1755.764,0.1,0.0,9752.975
29,Hungary,2017,5.32399988174438,1.53,76.06341,3.8,-0.26586,28.938000000000002,139761138102.757,14278.8745,1398.396,1084.389,5439.445,1807.5929999999998,0.1,0.0,9729.823
30,Iceland,2015,7.561,1.8,82.46829,1.7,1.0419399999999999,6.3,17344165907.2129,52428.595760000004,67.082,47.157,170.71400000000003,45.29,0.0,0.0,330.24300000000005
31,Iceland,2016,7.501,1.74,82.20488,1.7,1.38808,6.265,20716024757.4057,61757.94931,66.921,46.512,172.03900000000002,46.733999999999995,0.0,0.0,332.20599999999996
32,Iceland,2017,7.50400018692017,1.74,82.20488,1.6,2.34558,6.227,24488467010.4793,71311.78512,66.844,45.688,173.623,48.238,0.0,0.0,334.39300000000003
33,Ireland,2015,6.94,1.85,81.45366,3.1,0.94485,37.461999999999996,291092489805.942,61908.79452999999,1017.6110000000001,535.374,2504.345,595.095,0.2,0.2,4652.425
34,Ireland,2016,6.907,1.81,81.70488,3.0,1.12883,37.263000000000005,302242900803.522,63558.697929999995,1021.582,545.749,2511.0660000000003,617.382,0.2,0.0,4695.779
35,Ireland,2017,6.9770002365112305,1.81,81.9561,3.0,1.17045,37.053000000000004,331430014003.047,68885.45038,1026.864,558.431,2525.975,642.009,0.2,0.0,4753.279
36,Italy,2015,5.9479999999999995,1.35,82.5439,3.0,-0.09638,30.435,1832273032580.67,30170.5166,8308.565999999999,5856.525,33117.244,13296.159,0.2,2.0,60578.494000000006
37,Italy,2016,5.977,1.34,83.2439,2.9,-0.16988,30.145,1869117192194.75,30829.528739999998,8253.006,5854.51,33067.197,13488.347,0.2,0.0,60663.06
38,Italy,2017,5.96400022506714,1.34,83.2439,2.9,-0.14986,29.855999999999998,1943835376341.56,32110.027260000003,8175.8240000000005,5847.628000000001,32998.855,13651.393999999998,0.2,0.0,60673.700999999994
39,Japan,2015,5.987,1.45,83.7939,2.1,-0.10612,8.619,4394977752877.82,34567.74568,0.0,0.0,0.0,0.0,0.1,0.0,0.0
40,Japan,2016,5.921,1.44,83.98488,1.9,-0.11528,8.543,4949273341993.88,38972.340639999995,0.0,0.0,0.0,0.0,0.1,0.0,0.0
41,Japan,2017,5.92000007629395,1.43,84.09976,1.9,-0.16448,8.465,4872415104314.68,38430.29124,0.0,0.0,0.0,0.0,0.1,0.0,0.0
42,Luxembourg,2015,6.946000000000001,1.47,82.29268,2.2,2.35995,9.821,57204400105.015,100428.36796,92.82,69.995,324.615,79.311,0.2,0.2,566.741
43,Luxembourg,2016,6.871,1.41,82.68536999999999,2.1,2.15531,9.54,58961235412.2227,101305.52772,94.069,71.944,331.909,81.342,0.3,0.0,579.264
44,Luxembourg,2017,6.86299991607666,1.41,82.68536999999999,2.1,2.43098,9.273,62316359824.1281,104498.73867,95.09100000000001,73.421,339.899,83.499,0.3,0.0,591.91
45,Mexico,2015,7.187,2.215,76.933,12.7,1.3349,20.715,1170564619927.69,9298.24288,33676.71,21969.9,58017.026,8194.622,0.3,0.0,121858.258
46,Mexico,2016,6.778,2.184,77.118,12.2,1.3017299999999998,20.423,1077779580638.77,8450.494009999999,33676.043,22048.118,59132.117,8477.098,0.3,2.5,123333.37599999999
47,Mexico,2017,6.57800006866455,2.153,77.305,11.5,1.2644,20.133,1150887823404.18,8910.33318,33614.044,22097.937,60280.058,8785.285,0.3,0.0,124777.32400000001
48,Netherlands,2015,7.377999999999999,1.66,81.50976,3.4,0.44322,9.827,765264949780.999,45175.231889999995,2838.1490000000003,2072.824,8992.115,3035.4109999999996,0.2,0.0,16938.499
49,Netherlands,2016,7.3389999999999995,1.66,81.56098,3.4,0.53218,9.365,783528181704.567,46007.85292,2814.889,2065.655,8981.005,3119.7459999999996,0.2,0.0,16981.295
50,Netherlands,2017,7.3769998550415,1.66,81.56098,3.3,0.5912,8.923,830572618849.828,48482.76621,2783.5229999999997,2059.797,8979.353000000001,3198.6740000000004,0.2,0.0,17021.346999999998
51,New Zealand,2015,7.2860000000000005,1.99,81.45683000000001,4.6,1.88905,13.659,177620948761.31,38649.3785,921.561,658.293,2358.78,675.898,0.1,0.0,4614.532
52,New Zealand,2016,7.334,1.87,81.61244,4.5,2.09936,13.6,189285950470.754,40331.9591,922.9939999999999,655.072,2382.3160000000003,698.883,0.1,0.0,4659.265
53,New Zealand,2017,7.31400012969971,1.81,81.65854,4.4,2.12296,13.534,204139049908.52,42583.08473,927.061,648.446,2405.731,720.796,0.1,0.0,4702.034000000001
54,Norway,2015,7.522,1.72,82.30488000000001,2.2,0.99508,18.909000000000002,386663139402.70703,74521.56993,934.0110000000001,674.8389999999999,2743.255,847.7310000000001,0.1,0.2,5199.835999999999
55,Norway,2016,7.497999999999999,1.71,82.40732,2.1,0.88097,18.515,371344761904.762,70941.52527,934.7639999999999,677.638,2767.1929999999998,871.3539999999999,0.1,0.0,5250.9490000000005
56,Norway,2017,7.537000179290769,1.71,82.50976,2.1,0.80767,18.129,399488897844.046,75704.2487,935.8660000000001,678.332,2790.493,891.635,0.1,0.0,5296.326
57,Poland,2015,5.791,1.32,77.45121999999999,4.2,-0.06663999999999999,39.722,476970902628.57794,12556.35575,5645.891,4479.201,21925.662,5983.325,0.0,0.0,38034.079
58,Poland,2016,5.835,1.39,77.85122,4.1,-0.04299,39.821999999999996,471992087443.889,12430.6296,5616.771,4303.742,21862.142999999996,6206.564,0.0,0.0,37989.22
59,Poland,2017,5.97300004959106,1.39,77.85122,4.0,0.01248,39.895,526465839002.568,13863.54842,5647.16,4122.252,21757.803,6425.965,0.0,0.0,37953.18
60,Portugal,2015,5.102,1.31,81.12439,3.0,-0.41413999999999995,36.486,199420256049.689,19252.63495,1460.5639999999999,1087.167,5667.9490000000005,2152.6710000000003,0.6,0.5,10368.351
61,Portugal,2016,5.122999999999999,1.36,81.12439,3.1,-0.31546,35.914,206275669201.91602,19977.39849,1432.859,1082.77,5624.859,2185.05,0.6,0.0,10325.538
62,Portugal,2017,5.19500017166138,1.36,81.12439,3.1,-0.24389,35.348,219308128887.409,21291.43121,1406.141,1079.029,5585.387,2217.97,0.6,0.0,10288.527
63,Slovakia,2015,5.995,1.4,76.56341,5.0,0.09502999999999999,46.111000000000004,87769595120.4718,16182.303719999998,829.355,654.05,3188.6620000000003,763.544,0.1,0.7,5435.611
64,Slovakia,2016,6.077999999999999,1.48,77.16585,4.8,0.12892,46.193999999999996,89848359304.5293,16544.22781,830.5060000000001,630.632,3189.156,791.709,0.1,0.0,5442.003000000001
65,Slovakia,2017,6.09800004959106,1.48,77.16585,4.6,0.15517999999999998,46.248999999999995,95617670260.1144,17579.2594,835.584,607.265,3183.452,821.5989999999999,0.1,0.0,5447.9
66,Afghanistan,2015,3.575,4.802,63.288000000000004,54.9,2.94323,75.197,19907111418.9938,590.07647,15443.806,7277.599,10839.201000000001,852.997,0.0,0.0,34413.602999999996
67,Afghanistan,2016,3.36,4.635,63.673,53.2,2.6891599999999998,74.98,19046357714.4928,549.58276,15664.816,7559.9619999999995,11266.628999999999,891.625,0.0,0.0,35383.032
68,Afghanistan,2017,3.7939999103546103,4.477,64.047,51.5,2.49079,74.75,19543976895.4248,550.06846,15855.059,7822.871,11691.089,927.0939999999999,0.0,0.0,36296.113
69,Albania,2015,4.959,1.714,78.17399999999999,8.3,-0.29120999999999997,42.566,11386931489.7968,3952.83078,539.622,497.661,1488.2579999999998,364.972,0.1,0.0,2890.513
70,Albania,2016,4.655,1.713,78.345,8.1,-0.15988,41.57899999999999,11883682170.8236,4131.87234,530.634,484.816,1497.015,373.973,0.1,0.0,2886.438
71,Albania,2017,4.64400005340576,1.71,78.495,7.8,-0.09197000000000001,40.617,13038538300.2644,4537.57906,519.967,471.69800000000004,1508.0710000000001,384.43300000000005,0.1,0.0,2884.1690000000003
72,Algeria,2015,5.605,2.839,75.86,21.4,1.9199599999999999,29.151999999999997,165979277276.90698,4162.85218,11404.93,6615.146,19378.442,2329.507,0.1,0.0,39728.025
73,Algeria,2016,6.355,2.7760000000000002,76.078,21.0,1.8254599999999999,28.541,160129866569.935,3943.49755,11814.426000000001,6431.960999999999,19868.685,2436.32,0.1,0.0,40551.392
74,Algeria,2017,5.872000217437741,2.7089999999999996,76.293,20.6,1.73846,27.948,167555280113.181,4055.24721,12267.586000000001,6242.096,20322.811999999998,2556.695,0.1,0.0,41389.189
75,Angola,2015,4.033,5.766,61.24100000000001,58.2,3.4280199999999996,36.554,116193649124.475,4170.7303600000005,13136.045,5384.299,8729.427,634.61,1.9,0.0,27884.381
76,Angola,2016,3.866,5.694,61.547,55.8,3.3675699999999997,35.851,101123851090.473,3509.60421,13571.358,5563.88,9055.117,652.134,1.9,0.0,28842.488999999998
77,Angola,2017,3.79500007629395,5.622999999999999,61.809,53.8,3.31351,35.161,122123822333.73,4100.28979,13999.871000000001,5754.414000000001,9394.825,667.6560000000001,1.9,0.0,29816.766
78,Argentina,2015,6.574,2.3080000000000003,76.415,10.2,1.00985,8.497,594749285413.212,13698.293440000001,10859.813999999998,7022.751,20571.369,4621.482,0.4,0.0,43075.416
79,Argentina,2016,6.65,2.293,76.577,9.7,0.98474,8.373,554860945013.62,12654.355,10911.685,7025.388000000001,20846.378,4725.009,0.4,0.6,43508.46
80,Argentina,2017,6.59899997711182,2.2769999999999997,76.738,9.2,0.96147,8.251,637430331479.469,14398.358769999999,10952.11,7022.514,21133.952999999998,4828.563,0.4,0.4,43937.14
81,Armenia,2015,4.35,1.6219999999999999,74.445,12.5,0.36853,36.915,10553337672.9872,3617.93575,587.452,419.961,1599.9160000000002,318.224,0.2,1.9,2925.553
82,Armenia,2016,4.36,1.6119999999999999,74.618,11.9,0.2693,36.918,10546135160.031,3605.74312,594.869,400.555,1618.368,322.351,0.2,1.8,2936.143
83,Armenia,2017,4.37599992752075,1.604,74.782,11.3,0.19244,36.897,11536590635.8267,3936.7983200000003,602.339,382.519,1633.16,326.77299999999997,0.2,1.4,2944.7909999999997
84,Azerbaijan,2015,5.212000000000001,1.94,71.921,23.4,1.19121,45.286,53074370486.0433,5500.31038,2201.096,1613.233,5256.405,552.011,0.1,0.0,9622.745
85,Azerbaijan,2016,5.291,1.9,72.02600000000001,21.9,1.11786,44.979,37867518957.1975,3880.7387299999996,2252.661,1553.7020000000002,5361.531,568.149,0.1,0.0,9736.043
86,Azerbaijan,2017,5.234000205993651,1.9,72.123,20.5,0.98126,44.657,40747792237.9735,4135.1386,2292.745,1496.15,5466.721,589.7040000000001,0.1,0.0,9845.32
87,Bahrain,2015,5.96,2.056,76.76100000000001,6.5,2.6186700000000003,11.001,31125851063.8298,22688.878240000002,286.027,180.65099999999998,873.288,31.885,0.1,0.0,1371.851
88,Bahrain,2016,6.218,2.033,76.9,6.4,3.8128,10.91,32250132978.7234,22628.95679,290.718,188.093,913.582,33.399,0.1,0.0,1425.7920000000001
89,Bahrain,2017,6.08699989318848,2.009,77.038,6.3,4.6217,10.814,35432686170.2128,23739.15717,296.447,192.215,969.97,35.444,0.1,0.0,1494.076
90,Bangladesh,2015,4.694,2.133,72.155,29.8,1.12014,65.692,195078678697.23,1210.15885,45748.817,30351.381,72181.76400000001,7974.314,0.1,0.0,156256.27599999998
91,Bangladesh,2016,4.643,2.104,72.48899999999999,28.3,1.08017,64.917,221415188000.475,1358.77919,45423.27099999999,30515.249,73925.537,8113.096,0.1,14.8,157977.15300000002
92,Bangladesh,2017,4.60799980163574,2.076,72.808,26.9,1.0489,64.142,249723862487.36102,1516.51327,45070.553,30664.326,75727.584,8222.961,0.1,0.0,159685.424
93,Belize,2016,5.956,2.51,70.384,12.8,2.11122,54.505,1806646250.0,4923.358920000001,116.133,75.544,160.106,16.617,1.9,0.0,368.4
94,Belize,2017,5.955999851226809,2.475,70.58800000000001,12.2,2.08385,54.398999999999994,1862614800.0,4971.20164,116.126,76.789,165.50900000000001,17.345,1.9,0.0,375.769
95,Benin,2015,3.34,5.048,60.638999999999996,66.6,2.77298,54.305,8291155880.59505,783.96308,4551.582,2098.709,3584.2990000000004,341.36199999999997,1.0,49.5,10575.952
96,Benin,2016,3.484,4.977,60.907,65.1,2.76353,53.771,8573159696.6112795,788.5324400000001,4660.437,2157.572,3702.2859999999996,351.76800000000003,1.0,0.0,10872.063
97,Benin,2017,3.65700006484985,4.906000000000001,61.17100000000001,63.5,2.7523,53.232,9246696923.66155,827.39368,4768.298,2217.649,3826.7329999999997,362.51800000000003,1.0,0.0,11175.198
98,Bhutan,2015,5.252999999999999,2.086,69.817,27.6,1.39889,61.321999999999996,2059809919.89325,2616.01034,199.28400000000002,153.48,333.309,41.803000000000004,0.0,0.0,727.8760000000001
99,Bhutan,2016,5.196000000000001,2.051,70.197,26.5,1.30955,60.571999999999996,2219675780.89539,2782.36797,197.015,152.297,344.353,43.043,0.0,0.0,736.7080000000001
100,Bhutan,2017,5.01100015640259,2.02,70.565,25.6,1.22652,59.833,2528007911.35353,3130.2335399999997,195.482,150.578,355.329,44.174,0.0,1.5,745.563
101,Bosnia and Herzegovina,2015,4.949,1.345,76.735,5.2,-0.846,52.827,16209702863.6235,4584.24255,0.0,0.0,0.0,0.0,0.0,0.0,0.0
102,Bosnia and Herzegovina,2016,5.162999999999999,1.36,76.911,5.1,-0.54291,52.482,16911088173.7458,4808.636039999999,0.0,0.0,0.0,0.0,0.0,0.0,0.0
103,Bosnia and Herzegovina,2017,5.18200016021729,1.375,77.087,4.9,-0.27902,52.123999999999995,18054854788.5214,5148.20852,0.0,0.0,0.0,0.0,0.0,0.0,0.0
104,Botswana,2015,4.332,2.7739999999999996,65.846,33.1,1.85598,32.845,14406496463.6055,6521.14613,740.482,400.115,898.7560000000001,81.363,23.1,16.1,2120.716
105,Botswana,2016,3.9739999999999998,2.73,66.797,32.3,1.8416700000000001,32.067,15648632361.5749,6954.14413,749.806,403.30800000000005,921.3430000000001,85.47,23.0,0.0,2159.927
106,Botswana,2017,3.7660000324249303,2.6830000000000003,67.618,30.8,1.8231099999999998,31.3,17406565823.2986,7595.611140000001,759.404,408.30800000000005,947.25,90.118,22.8,0.0,2205.08
107,Brazil,2015,6.983,1.74,75.28399999999999,14.0,0.8528,14.23,1802214373741.32,8750.223,45844.252,34326.064,107917.041,16384.412,0.6,3.4,204471.76899999997
108,Brazil,2016,6.952000000000001,1.726,75.509,14.6,0.8175600000000001,13.958,1796275437087.99,8650.37637,45457.97,34215.163,109374.90800000001,17115.012,0.6,4.3,206163.053
109,Brazil,2017,6.6350002288818395,1.7109999999999999,75.723,13.2,0.7844899999999999,13.690999999999999,2053594877013.22,9812.27853,45066.347,34088.327000000005,110794.026,17885.123,0.6,4.8,207833.823
110,Bulgaria,2015,4.218,1.53,74.61463,7.0,-0.63807,26.01,50201314894.5817,6993.78348,1027.672,700.828,4029.937,1441.3039999999999,0.1,0.0,7199.741
111,Bulgaria,2016,4.217,1.54,74.8122,6.7,-0.70138,25.671,53240950226.2443,7469.455640000001,1023.9010000000001,672.039,3994.9159999999997,1461.0970000000002,0.1,0.0,7151.953
112,Bulgaria,2017,4.71400022506714,1.54,74.8122,6.3,-0.73044,25.331,58220973782.7715,8228.01157,1025.9289999999999,647.589,3954.6290000000004,1474.297,0.1,0.0,7102.444
113,Burkina Faso,2015,3.5869999999999997,5.436,59.927,54.3,2.93969,72.47,10419303761.3524,575.31445,8253.725,3610.1409999999996,5810.677,436.08099999999996,0.8,0.0,18110.624
114,Burkina Faso,2016,3.739,5.353,60.361000000000004,52.6,2.91561,71.866,10886363726.8422,583.8309,8463.142,3721.528,6012.36,449.327,0.8,0.0,18646.357
115,Burkina Faso,2017,4.03200006484985,5.271,60.77,51.2,2.89107,71.257,12322864244.9183,642.03715,8671.796999999999,3837.881,6221.262,462.29400000000004,0.8,0.0,19193.234
116,Burundi,2015,2.905,5.781000000000001,57.093999999999994,45.9,3.0611,87.92200000000001,3104394858.11518,304.37422000000004,4624.915,2065.264,3256.9120000000003,212.93900000000002,1.1,0.0,10160.03
117,Burundi,2016,2.905,5.697,57.481,44.1,3.1353299999999997,87.61200000000001,2959185295.3901896,281.18134,4778.513,2089.861,3395.671,223.95,1.1,0.0,10487.995
118,Burundi,2017,2.90499997138977,5.615,57.857,42.5,3.18076,87.294,3172416146.3921,292.00521000000003,4932.302,2119.7329999999997,3538.223,236.761,1.1,0.0,10827.018999999998
119,Cambodia,2015,3.819,2.594,68.62,27.5,1.60353,77.812,18049954289.4229,1163.18977,4905.112,3197.948,6779.02,639.356,0.6,0.0,15521.436000000002
120,Cambodia,2016,3.907,2.56,68.98100000000001,26.3,1.56483,77.418,20016747754.0192,1269.90724,4948.931,3186.95,6959.138000000001,671.273,0.6,0.0,15766.292
121,Cambodia,2017,4.1680002212524405,2.53,69.331,25.1,1.5299,77.02,22158209502.6391,1384.42319,5006.531,3142.867,7153.861999999999,706.1489999999999,0.5,0.0,16009.409
122,Cameroon,2015,4.252,4.7780000000000005,57.582,58.2,2.6385400000000003,45.422,30916218544.4404,1353.92449,10068.777,4646.075,7947.624,635.8919999999999,3.9,0.0,23298.368
123,Cameroon,2016,4.513,4.708,58.073,56.6,2.6135900000000003,44.821000000000005,32621535418.9031,1391.75188,10303.610999999999,4751.607,8217.757,653.576,3.8,0.0,23926.551
124,Cameroon,2017,4.69500017166138,4.638999999999999,58.575,55.1,2.58806,44.223,34922782310.6416,1451.86575,10530.819,4867.145,8497.112,670.997,3.7,0.0,24566.072999999997
125,Central African Republic,2015,3.678,4.94,51.41,91.6,0.67777,59.723,1583776805.9656801,348.38142999999997,2031.129,930.329,1404.51,127.20200000000001,4.2,0.0,4493.17
126,Central African Republic,2017,2.69300007820129,4.796,52.89,87.6,1.39317,59.02,1949411659.20453,418.41129,2051.951,978.308,1435.6229999999998,130.141,4.0,0.0,4596.023
127,Chad,2015,3.667,6.05,52.575,76.7,3.1909400000000003,77.485,10945989471.6286,781.33106,6750.22,2851.542,4164.241,344.972,1.4,0.0,14110.975
128,Chad,2016,3.763,5.947,52.903,75.0,3.11409,77.32300000000001,10090922857.3905,698.2108900000001,6936.978,2953.6290000000004,4313.731,357.32199999999995,1.3,0.0,14561.66
129,Chad,2017,3.9360001087188703,5.846,53.208,73.4,3.04904,77.142,9871247731.897871,662.50011,7118.026999999999,3058.574,4469.731,370.421,1.3,0.0,15016.753
130,Chile,2015,6.67,1.785,79.315,6.7,0.8417100000000001,12.64,243999477737.94,13736.635690000001,3695.764,2811.699,9557.786,1904.104,0.5,1.3,17969.353
131,Chile,2016,6.705,1.774,79.52199999999999,6.6,0.82458,12.578,250036180921.053,13960.894209999999,3696.328,2798.565,9733.325,1980.85,0.5,0.0,18209.068
132,Chile,2017,6.65199995040894,1.766,79.732,6.3,0.8062,12.51,277075944401.94104,15346.4497,3698.5570000000002,2775.223,9929.466999999999,2067.192,0.6,0.7,18470.439
133,China,2015,5.14,1.617,76.092,9.2,0.5081399999999999,44.5,11064666282625.5,8069.21302,253990.008,186269.84699999998,835303.3609999999,131284.654,0.0,0.7,1406847.87
134,China,2016,5.245,1.624,76.252,8.6,0.5414800000000001,43.263999999999996,11190992550229.5,8117.267470000001,254452.75199999998,180260.242,840722.315,138614.042,0.0,0.0,1414049.351
135,China,2017,5.2729997634887695,1.631,76.41,8.0,0.55912,42.04,12237700479375.0,8826.9941,254893.81,176118.35,843003.215,147006.416,0.0,0.0,1421021.791
136,Colombia,2015,6.477,1.874,74.2,13.5,0.9097799999999999,20.236,293481748240.779,6085.20998,11656.662,8562.614,23644.821,3656.57,0.5,4.5,47520.667
137,Colombia,2016,6.481,1.8530000000000002,74.381,13.1,0.87679,19.892,282856115393.175,5813.69452,11584.06,8624.898000000001,24142.783,3823.3109999999997,0.5,4.5,48175.052
138,Colombia,2017,6.35699987411499,1.834,74.562,12.7,0.84364,19.554000000000002,314457601859.523,6408.92001,11521.648000000001,8680.085,24697.945,4010.1609999999996,0.5,3.9,48909.83900000001
139,Comoros,2015,3.9560000000000004,4.42,63.473,54.9,2.3477,71.53,988150249.5336901,1271.0570400000001,312.073,154.46200000000002,288.39599999999996,22.493000000000002,0.1,0.0,777.424
140,Comoros,2016,3.9560000000000004,4.3469999999999995,63.701,53.6,2.3111900000000003,71.381,1024261820.6281,1287.4064,318.051,157.06,297.216,23.265,0.1,0.0,795.592
141,Costa Rica,2015,7.226,1.8,79.634,8.2,1.0512299999999999,23.138,54775994478.4981,11393.02842,1073.771,821.738,2531.353,420.94199999999995,0.4,1.5,4847.804
142,Costa Rica,2016,7.087000000000001,1.7830000000000001,79.831,8.0,1.0227,22.265,57157992434.219,11767.50425,1070.537,811.3430000000001,2578.216,439.249,0.4,1.3,4899.345
143,Costa Rica,2017,7.0789999961853,1.768,80.03,7.8,0.99345,21.44,57285984447.7113,11677.269040000001,1068.07,799.827,2624.1609999999996,457.89599999999996,0.4,1.0,4949.954000000001
144,Croatia,2015,5.7589999999999995,1.4,77.27561,4.1,-0.8241,43.845,49490142433.1046,11773.264659999999,615.501,486.772,2315.947,814.654,0.0,0.7,4232.874
145,Croatia,2016,5.4879999999999995,1.42,78.02195,4.0,-0.69838,43.597,51640880494.2725,12371.00216,607.364,477.115,2298.577,825.546,0.0,0.0,4208.602
146,Croatia,2017,5.2930002212524405,1.42,77.82683,3.9,-1.20061,43.333,55213087270.6341,13386.512859999999,603.922,465.81699999999995,2275.61,837.508,0.0,0.0,4182.857
147,Cyprus,2015,5.689,1.35,80.344,2.3,0.7501,33.054,19680625485.1946,23217.48415,196.155,185.51,630.331,148.989,0.1,0.0,1160.985
148,Cyprus,2016,5.546,1.3430000000000002,80.508,2.2,0.78418,33.119,20453761061.9469,24019.13787,197.44299999999998,179.263,639.908,153.57299999999998,0.1,0.0,1170.187
149,Cyprus,2017,5.62099981307983,1.338,80.67,2.1,0.80233,33.164,22054225828.2623,25658.79966,198.618,174.175,648.627,158.25799999999998,0.1,0.0,1179.678
150,Djibouti,2015,4.369,2.9130000000000003,62.26,54.5,1.65803,22.583000000000002,1633741922.6873698,1761.6101600000002,279.297,177.519,417.73699999999997,39.44,1.4,0.0,913.993
151,Dominican Republic,2015,4.885,2.451,73.673,26.2,1.17082,21.434,68802092020.9448,6534.90855,2964.047,1926.513,4721.811,669.309,1.0,1.8,10281.68
152,Dominican Republic,2016,5.155,2.4219999999999997,73.861,25.6,1.13706,20.564,72342967648.3354,6793.53813,2966.848,1923.9289999999999,4811.44,695.5239999999999,1.0,1.6,10397.741
153,Dominican Republic,2017,5.230000019073491,2.392,74.048,25.0,1.10394,19.723,75931656814.657,7052.25884,2970.0170000000003,1918.2220000000002,4901.565,723.3,0.9,0.0,10513.104
154,Ecuador,2015,5.975,2.5140000000000002,76.102,13.0,1.5056399999999999,36.602,99290381000.0,6150.15596,4711.02,2990.639,7439.97,1070.391,0.3,3.4,16212.02
155,Ecuador,2016,5.976,2.4859999999999998,76.327,12.7,1.4799200000000001,36.466,99937696000.0,6099.3153,4734.092000000001,3026.447,7615.15,1115.427,0.3,3.6,16491.116
156,Ecuador,2017,6.00799989700317,2.458,76.551,12.5,1.45286,36.33,104295862000.0,6273.48889,4760.597,3061.158,7796.831999999999,1166.774,0.3,3.2,16785.361
157,Egypt,2015,4.194,3.3110000000000004,71.304,20.1,2.11829,57.215,332698041030.807,3547.71301,30795.827999999998,16602.672,40327.432,4716.615,0.1,1.3,92442.54699999999
158,Egypt,2016,4.362,3.265,71.484,19.4,2.0167900000000003,57.268,332927833278.038,3479.28125,31777.147999999997,16619.068,41190.044,4860.813,0.1,0.0,94447.073
159,Egypt,2017,4.7350001335144,3.21,71.661,18.8,1.9297400000000002,57.295,235369129337.71103,2412.72708,32574.004,16712.358,42152.852999999996,5003.376,0.1,0.0,96442.591
160,El Salvador,2015,6.13,2.101,73.267,13.4,0.4969,30.3,23166030400.0,3669.8789899999997,1794.5479999999998,1298.751,2741.224,490.601,0.6,1.9,6325.124
161,El Salvador,2016,6.068,2.079,73.512,12.9,0.5095,29.499000000000002,23912227500.0,3768.8377,1770.2879999999998,1295.296,2786.742,503.81699999999995,0.6,2.2,6356.143
162,El Salvador,2017,6.002999782562259,2.0580000000000003,73.75,12.5,0.52082,28.725,24805439600.0,3889.30877,1753.261,1283.36,2833.7659999999996,517.739,0.6,1.9,6388.126
163,Estonia,2015,5.428999999999999,1.58,77.59024000000001,2.5,0.06555,31.584,22904456871.8171,17412.448669999998,212.168,134.61700000000002,720.9689999999999,247.571,0.6,0.5,1315.325
164,Estonia,2016,5.517,1.6,77.64146,2.3,0.029110000000000004,31.436999999999998,23984296770.8115,18228.05825,212.362,130.911,722.335,250.90200000000002,0.7,0.0,1316.51
165,Estonia,2017,5.61100006103516,1.6,77.64146,2.1,0.12107000000000001,31.283,26611651598.9452,20200.37559,214.03,127.557,722.987,254.81599999999997,0.7,0.0,1319.39
166,Ethiopia,2015,4.512,4.317,65.03699999999999,44.2,2.54147,80.572,64464547915.2698,645.46501,42527.398,21629.793999999998,33196.005,3482.261,1.0,27.3,100835.45800000001
167,Ethiopia,2016,4.508,4.198,65.475,42.5,2.50182,80.134,73000980433.9486,712.87795,43224.175,22347.13,34434.031,3598.1259999999997,1.0,0.0,103603.462
168,Ethiopia,2017,4.46000003814697,4.081,65.874,41.0,2.4637,79.69,80561496133.9172,767.56348,43890.818,23022.955,35775.102,3711.0490000000004,0.9,0.0,106399.924
169,Gabon,2015,3.8960000000000004,3.85,65.685,37.4,2.86218,11.882,14377324797.637,7448.715690000001,707.65,365.527,803.8739999999999,70.635,4.3,0.0,1947.6860000000001
170,Gabon,2016,4.121,3.786,66.105,36.1,2.53781,11.440999999999999,14014369641.7689,7078.72954,734.653,365.829,834.99,72.40100000000001,4.3,0.0,2007.8729999999998
171,Gabon,2017,4.46500015258789,3.72,66.48,35.1,2.2648599999999997,11.024000000000001,15013950984.084,7413.795209999999,760.312,366.17900000000003,864.316,74.016,4.2,3.4,2064.823
172,Georgia,2015,4.297,2.003,73.096,10.8,0.15748,42.552,13993546747.7492,3756.37852,763.2410000000001,519.7819999999999,2163.7329999999997,577.427,0.4,3.8,4024.183
173,Georgia,2016,4.252,1.996,73.26100000000001,10.2,0.059820000000000005,42.163000000000004,14378016729.1587,3857.27631,772.9960000000001,502.075,2158.215,582.164,0.4,3.9,4015.45
174,Georgia,2017,4.28599977493286,1.986,73.436,9.7,0.01339,41.769,15081338092.2875,4045.41897,782.867,485.404,2152.225,588.22,0.4,5.0,4008.716
175,Ghana,2015,4.633,4.042,62.448,38.9,2.27438,45.913999999999994,49181854798.2552,1783.06109,10636.09,5498.774,10877.809,836.5319999999999,1.7,0.0,27849.205
176,Ghana,2016,4.276,3.984,62.742,37.2,2.23674,45.251000000000005,55009730600.0307,1950.23438,10829.605,5592.584,11196.555,863.201,1.7,13.3,28481.945
177,Ghana,2017,4.11999988555908,3.926,63.033,35.7,2.19818,44.593,58996776237.7603,2046.10999,11013.747,5690.845,11528.725,888.148,1.7,0.0,29121.465
178,Guatemala,2015,6.122999999999999,3.029,73.15,24.7,2.04427,50.028999999999996,63767597193.9175,3923.57334,5888.528,3465.454,6165.898,732.549,0.5,0.0,16252.428999999998
179,Guatemala,2016,6.324,2.9730000000000003,73.40899999999999,23.9,2.01037,49.681000000000004,68663653469.1246,4140.73763,5913.505999999999,3531.675,6376.358,761.5369999999999,0.5,0.0,16583.076
180,Guatemala,2017,6.4539999961853,2.92,73.654,23.1,1.97662,49.32,75620095537.5005,4470.989570000001,5928.848000000001,3595.6279999999997,6596.113,794.3810000000001,0.4,0.0,16914.97
181,Guinea,2015,3.656,4.934,59.419,59.8,2.39392,64.859,8794202409.5678,727.3025200000001,5148.298,2414.242,3540.335,329.213,1.6,0.0,11432.088
182,Guinea,2016,3.6069999999999998,4.855,60.015,58.1,2.48623,64.54,8694360304.563671,701.38864,5240.544,2493.494,3665.159,339.23199999999997,1.5,0.0,11738.428999999998
183,Guinea,2017,3.50699996948242,4.777,60.617,56.4,2.55858,64.207,10472514514.62,823.49372,5339.68,2574.847,3802.211,350.781,1.5,0.0,12067.518999999998
184,Haiti,2015,4.518,2.9730000000000003,63.055,56.1,1.30239,47.573,8724656126.498491,814.5464,3676.554,2139.468,4383.502,496.01800000000003,1.9,0.0,10695.542
185,Haiti,2016,4.0280000000000005,2.9189999999999996,63.33,55.0,1.26424,46.604,7970649131.234159,734.80259,3685.868,2151.888,4489.518,512.696,1.9,0.0,10839.97
186,Haiti,2017,3.6029999256133998,2.8680000000000003,63.589,53.9,1.2268,45.653999999999996,8408150517.976841,765.6839200000001,3692.76,2165.2110000000002,4593.35,531.045,1.9,0.0,10982.366000000002
187,Honduras,2015,4.788,2.5069999999999997,73.376,16.7,1.70643,44.835,20979767785.2104,2341.2753199999997,3073.079,1932.609,3712.5240000000003,394.704,0.4,16.2,9112.916
188,Honduras,2016,4.871,2.4619999999999997,73.575,16.2,1.6824599999999998,44.187,21643936938.9096,2375.09633,3059.403,1966.817,3832.9040000000005,411.671,0.4,16.0,9270.795
189,Honduras,2017,5.1810002326965305,2.423,73.774,15.6,1.6563700000000001,43.543,22978532896.7816,2480.12593,3049.823,1996.621,3952.528,430.041,0.3,17.2,9429.013
190,India,2015,4.565,2.352,68.30199999999999,35.3,1.16753,67.223,2103587813812.2,1606.95269,372623.06899999996,242349.879,621619.171,73560.284,0.2,0.0,1310152.403
191,India,2016,4.404,2.326,68.56,33.6,1.14821,66.818,2290432075123.55,1729.70973,369969.885,243895.766,633918.272,76733.326,0.2,0.0,1324517.249
192,India,2017,4.31500005722046,2.3040000000000003,68.803,32.0,1.12707,66.4,2650725335363.83,1979.3643,367850.972,245212.11899999998,645519.145,80094.549,0.2,0.0,1338676.785
193,Indonesia,2015,5.399,2.3890000000000002,69.025,22.9,1.1810100000000001,46.687,860854235065.0791,3334.54907,70928.717,44022.244000000006,129522.4,13909.895,0.4,7.2,258383.25600000002
194,Indonesia,2016,5.314,2.363,69.191,22.2,1.13749,46.011,931877364177.7421,3568.83265,71228.821,44472.193,131406.113,14449.253999999999,0.4,6.5,261556.38100000002
195,Indonesia,2017,5.26200008392334,2.336,69.355,21.4,1.09538,45.341,1015420587285.06,3846.41571,71230.546,44950.748,133432.33800000002,15037.331,0.4,5.7,264650.963
196,Iraq,2015,4.677,4.427,69.672,26.7,3.12045,30.079,177498577312.923,4914.72761,13983.68,7203.249,13281.301000000001,1104.031,0.0,0.0,35572.261
197,Iraq,2016,4.575,4.37,69.862,26.0,2.96516,29.906,170559560067.682,4584.617429999999,14315.215,7372.297,13769.548,1153.572,0.0,0.0,36610.632000000005
198,Iraq,2017,4.49700021743774,4.309,70.038,25.3,2.84091,29.721999999999998,192060810810.811,5017.96806,14560.891000000001,7530.689,14247.743,1213.458,0.0,0.0,37552.781
199,Israel,2015,7.278,3.09,82.05122,3.0,1.9812900000000002,7.821000000000001,300470790394.92303,35855.27504,2222.894,1181.713,3678.195,895.688,0.0,0.0,7978.49
200,Israel,2016,7.267,3.11,82.40732,2.9,1.96035,7.744,319377923613.703,37371.62691,2264.7070000000003,1200.98,3713.152,930.1460000000001,0.0,0.2,8108.985
201,Israel,2017,7.212999820709231,3.11,82.60244,2.9,1.9387299999999998,7.664,353268411918.577,40543.58417,2303.714,1222.695,3750.8109999999997,966.628,0.0,0.0,8243.848
202,Jamaica,2015,5.709,2.026,75.836,13.9,0.34346,45.167,14145469269.456999,4925.41586,711.1610000000001,539.7090000000001,1394.104,246.047,1.8,0.0,2891.0209999999997
203,Jamaica,2016,5.51,2.009,75.97,13.5,0.3275,44.902,14072135208.5664,4883.86027,706.329,534.82,1415.131,249.956,1.8,0.0,2906.236
204,Jamaica,2017,5.31099987030029,1.993,76.097,13.1,0.30993000000000004,44.622,14781107821.7513,5114.04108,701.419,528.198,1437.3120000000001,253.919,1.8,0.0,2920.848
205,Jordan,2015,5.192,3.445,74.182,15.5,3.8961300000000003,9.744,37517410281.6901,4096.099270000001,3333.8109999999997,1791.1979999999999,3793.548,348.01800000000003,0.0,0.0,9266.575
206,Jordan,2016,5.303,3.378,74.329,15.1,3.18585,9.494,38654727746.4789,4087.9375200000004,3388.133,1845.606,3959.2529999999997,361.29400000000004,0.0,0.0,9554.286
207,Jordan,2017,5.33599996566772,3.3089999999999997,74.476,14.6,2.5739900000000002,9.253,40068308450.7042,4129.75166,3413.9109999999996,1890.191,4108.875,372.866,0.0,0.0,9785.843
208,Kazakhstan,2015,5.855,2.73,72.0,10.7,1.46148,42.809,184388432148.715,10510.77189,4691.413,2618.831,9074.112,1187.66,0.2,0.0,17572.016
209,Kazakhstan,2016,5.919,2.73,72.3,9.7,1.42205,42.736000000000004,137278320084.17099,7714.841840000001,4869.174,2497.002,9231.107,1233.618,0.2,0.0,17830.901
210,Kazakhstan,2017,5.8189997673034695,2.73,72.95,8.9,1.36038,42.663999999999994,162886867831.694,9030.318809999999,5047.012,2383.953,9358.715,1290.339,0.2,0.0,18080.019
211,Kenya,2015,4.419,3.917,66.695,35.1,2.59934,74.342,64007751187.8874,1355.05547,19842.336,9707.246,17322.811,1005.943,5.1,36.8,47878.335999999996
212,Kenya,2016,4.356,3.852,67.032,34.3,2.56093,73.895,70875223143.0362,1462.50374,20063.034,9988.83,17932.137,1067.5330000000001,5.0,0.0,49051.53400000001
213,Kenya,2017,4.55299997329712,3.793,67.291,33.6,2.52311,73.438,79263075749.2682,1594.83493,20264.237,10291.614,18532.249,1133.042,4.8,0.0,50221.142
214,Kuwait,2015,6.295,1.986,74.577,7.5,3.9740699999999998,0.0,114567298105.68301,29109.06874,813.313,430.99300000000005,2510.013,81.27199999999999,0.1,0.0,3835.591
215,Kuwait,2016,6.239,1.97,74.694,7.2,2.92421,0.0,110912280701.754,27368.28668,842.701,430.57199999999995,2594.89,88.712,0.1,0.0,3956.875
216,Kuwait,2017,6.10500001907349,1.96,74.811,6.9,2.05021,0.0,120126277612.925,29040.36371,868.916,429.659,2660.889,96.635,0.1,0.0,4056.099
217,Kyrgyzstan,2015,5.2860000000000005,3.2,70.65122,19.8,2.05903,64.223,6678178340.45121,1121.08284,1877.118,1094.766,2728.8959999999997,258.341,0.2,2.5,5959.121
218,Kyrgyzstan,2016,5.185,3.1,70.95121999999999,18.8,2.03722,64.056,6813092065.835071,1120.66651,1938.851,1071.562,2799.165,264.752,0.2,1.4,6074.33
219,Kyrgyzstan,2017,5.0040001869201705,3.0,71.2,17.9,1.93365,63.865,7564738836.041221,1220.4735,1991.898,1051.4360000000001,2873.258,273.14099999999996,0.2,1.5,6189.733
220,Latvia,2015,5.098,1.7,74.48049,4.3,-0.81863,32.02,26972863393.6384,13639.694119999998,301.535,211.768,1094.453,389.918,0.0,0.7,1997.674
221,Latvia,2016,5.56,1.74,74.58049,3.9,-0.91389,31.979,27695474684.447002,14133.68295,300.653,197.0,1088.08,388.533,0.0,0.0,1974.266
222,Latvia,2017,5.849999904632571,1.74,74.68049,3.6,-0.8862200000000001,31.925,30463302413.7289,15684.558519999999,303.908,182.826,1077.396,386.967,0.0,0.0,1951.0970000000002
223,Lebanon,2015,4.8389999999999995,1.72,79.40899999999999,7.2,4.33425,11.894,49910270062.1559,8529.513659999999,0.0,0.0,0.0,0.0,0.1,0.0,0.0
224,Lebanon,2016,5.129,1.719,79.584,6.9,2.61757,11.734000000000002,51483909754.8922,8571.12625,0.0,0.0,0.0,0.0,0.1,0.0,0.0
225,Lebanon,2017,5.22499990463257,1.713,79.758,6.7,1.25221,11.571,53576985686.6998,8808.58945,0.0,0.0,0.0,0.0,0.1,0.0,0.0
226,Lesotho,2015,4.898,3.1430000000000002,53.745,70.5,1.3359999999999999,73.092,2510312804.7673697,1154.35522,687.7669999999999,423.92900000000003,848.462,98.863,23.8,0.0,2059.021
227,Lesotho,2017,3.80800008773804,3.0439999999999996,54.568000000000005,66.5,1.33051,72.27,2578265358.30386,1154.44425,689.817,420.7,879.1039999999999,101.913,23.8,0.0,2091.534
228,Liberia,2015,4.571000000000001,4.65,62.007,59.3,2.44961,50.18,3177000000.0,706.05947,1882.4260000000002,855.6469999999999,1592.104,142.053,1.5,0.0,4472.23
229,Liberia,2016,3.622,4.581,62.505,57.6,2.50636,49.746,3277826000.0,710.43601,1917.424,885.048,1637.7,146.615,1.5,40.9,4586.787
230,Liberia,2017,3.5329999923706095,4.513,63.006,55.9,2.52713,49.303000000000004,3285455000.0,694.31958,1950.4229999999998,916.6010000000001,1683.6629999999998,151.539,1.4,0.0,4702.226
231,Libya,2015,5.754,2.312,71.77600000000001,11.4,0.49596999999999997,20.73,27842131486.4054,4465.49037,1852.8339999999998,1106.067,3187.362,272.052,0.0,0.0,6418.315
232,Libya,2016,5.615,2.274,71.934,11.0,0.9306700000000001,20.46,26221660076.2226,4166.630529999999,1864.856,1096.121,3253.545,277.64,0.0,0.0,6492.161999999999
233,Libya,2017,5.525000095367429,2.235,72.11,10.6,1.28457,20.183,38107728082.5817,5978.04293,1878.099,1091.941,3325.7929999999997,284.89099999999996,0.0,0.0,6580.724
234,Lithuania,2015,5.832999999999999,1.7,74.32195,4.0,-0.94075,32.77,41516701871.248,14291.90642,427.899,376.381,1579.7620000000002,547.8380000000001,0.1,0.7,2931.88
235,Lithuania,2016,5.813,1.69,74.67073,3.8,-1.2706899999999999,32.634,42973365745.2891,14982.53305,423.086,351.84,1566.527,548.104,0.1,0.0,2889.5570000000002
236,Lithuania,2017,5.90199995040894,1.69,74.67073,3.4,-1.39832,32.484,47544459558.9514,16809.648259999998,419.05800000000005,325.42400000000004,1551.74,549.192,0.2,0.0,2845.414
237,Madagascar,2015,3.681,4.2410000000000005,65.539,34.9,2.6945799999999998,64.807,9744243531.20119,402.08831000000004,10091.893,4953.409000000001,8501.979,686.807,0.2,0.0,24234.088
238,Madagascar,2016,3.695,4.184,65.932,33.7,2.68887,64.14399999999999,10001193315.1966,401.74227,10280.038,5110.168,8787.642,716.5219999999999,0.2,0.0,24894.37
239,Madagascar,2017,3.64400005340576,4.129,66.312,32.7,2.68058,63.478,11499803806.5729,449.72238,10476.83,5262.243,9082.176,749.263,0.3,0.0,25570.512000000002
240,Malawi,2015,4.292,4.646,62.661,42.0,2.91437,83.68700000000001,6373212640.84604,362.6582,7550.125,3453.284,5300.483,441.411,10.1,0.0,16745.303
241,Malawi,2016,4.156000000000001,4.571000000000001,63.223,40.2,2.90482,83.494,5433040159.88747,300.30775,7687.92,3555.4109999999996,5506.424,455.506,9.9,70.3,17205.261000000002
242,Malawi,2017,3.97000002861023,4.505,63.67100000000001,38.5,2.8902900000000002,83.286,6303292264.18905,338.48443,7827.345,3659.6420000000003,5715.1230000000005,468.086,9.6,0.0,17670.196
243,Malaysia,2015,5.77,2.056,75.143,6.5,1.62474,25.787,296636282166.176,9655.13738,7594.861999999999,5693.053000000001,15174.183,1808.864,0.4,0.0,30270.962000000003
244,Malaysia,2016,6.005,2.037,75.3,6.6,1.49932,25.16,296752886724.682,9515.19432,7584.104,5672.528,15524.621000000001,1903.401,0.4,0.0,30684.654
245,Malaysia,2017,6.08400011062622,2.019,75.452,6.7,1.3914799999999998,24.553,314710259510.743,9951.54415,7572.05,5652.034000000001,15879.303999999998,2001.2579999999998,0.4,0.0,31104.646
246,Mali,2015,3.995,6.145,57.478,69.2,2.93398,60.00899999999999,13099495529.7113,749.91795,8361.556,3334.486,5301.366999999999,441.369,1.3,0.0,17438.778000000002
247,Mali,2016,4.073,6.057,57.966,67.4,2.9719700000000002,59.217,14010787737.8424,778.60043,8597.276,3450.368,5464.728,453.07099999999997,1.3,0.0,17965.443
248,Mali,2017,4.19000005722046,5.968,58.456,65.8,2.99525,58.428000000000004,15334336143.644,827.0064,8834.653,3576.514,5635.691,465.57199999999995,1.2,0.0,18512.43
249,Malta,2015,6.3020000000000005,1.37,81.89756,5.7,2.3864,5.586,10554669617.5194,23715.53414,61.68600000000001,53.59,236.812,81.471,0.0,0.0,433.559
250,Malta,2016,6.4879999999999995,1.37,82.45366,5.7,2.28862,5.52,11274020600.9269,24758.69562,61.96,52.074,237.551,84.512,0.0,0.0,436.097
251,Malta,2017,6.52699995040894,1.37,82.45366,5.6,2.73866,5.454,12518134319.0893,26748.20741,62.317,50.4,238.123,87.09299999999999,0.0,0.0,437.93300000000005
252,Mauritania,2015,4.436,4.736000000000001,63.082,55.8,2.8723099999999997,48.911,4844223106.95469,1158.2563699999998,1639.0520000000001,786.613,1494.545,126.09100000000001,0.4,0.0,4046.301
253,Mauritania,2016,4.2010000000000005,4.6739999999999995,63.238,54.5,2.79806,48.038000000000004,4739298730.42216,1101.90163,1682.461,804.707,1546.3329999999999,130.032,0.4,0.0,4163.532999999999
254,Mauritania,2017,4.29199981689453,4.612,63.38399999999999,53.3,2.73296,47.176,5024708655.99147,1136.76459,1724.2720000000002,824.0210000000001,1600.2020000000002,134.075,0.3,0.0,4282.57
255,Mauritius,2015,5.477,1.36,74.35316999999999,12.8,0.13243,59.0,11692287066.381,9260.4473,244.338,197.692,692.059,125.367,0.0,0.0,1259.4560000000001
256,Mauritius,2016,5.648,1.4,74.39488,12.2,0.06872,59.09,12232463655.5727,9681.61857,238.514,196.69,694.8839999999999,131.77700000000002,0.0,0.0,1261.865
257,Mauritius,2017,5.62900018692017,1.44,74.51463000000001,11.6,0.09018999999999999,59.159,13266427697.2513,10490.50397,232.12900000000002,195.13,698.7560000000001,138.484,0.0,0.0,1264.499
258,Mongolia,2015,4.874,2.793,69.087,16.1,1.79578,31.77,11749620619.5962,3946.9620700000005,865.4060000000001,503.781,1513.382,115.87,0.1,0.0,2998.4390000000003
259,Mongolia,2016,4.907,2.7569999999999997,69.28699999999999,15.4,1.68287,31.703000000000003,11186734674.3847,3695.16485,899.591,486.60400000000004,1550.3339999999998,119.835,0.1,0.6,3056.364
260,Mongolia,2017,4.95499992370605,2.713,69.465,14.8,1.58118,31.636999999999997,11433635875.9316,3717.4733899999997,932.572,471.673,1585.182,124.359,0.1,0.0,3113.7859999999996
261,Morocco,2015,5.013,2.526,75.57300000000001,21.8,1.40405,39.191,101179808076.36,2863.8871,9614.554,6034.725,16803.944,2210.38,0.1,0.0,34663.602999999996
262,Morocco,2016,5.151,2.491,75.821,20.9,1.35123,38.64,103345296966.607,2885.48753,9709.993,5985.383000000001,17134.332,2296.575,0.1,0.0,35126.282999999996
263,Morocco,2017,5.2350001335144,2.454,76.059,20.0,1.30336,38.092,109708728848.535,3022.92792,9767.979,5937.62,17472.73,2402.926,0.1,0.0,35581.255
264,Mozambique,2015,4.971,5.305,57.714,57.0,2.89142,65.6,14798413628.4625,528.31305,12282.518999999998,5382.206999999999,8593.074,784.202,12.9,0.0,27042.002
265,Mozambique,2017,4.550000190734861,5.178999999999999,58.872,53.3,2.8698799999999998,64.545,12645508633.7664,426.22195999999997,12880.444,5784.42,9153.81,830.3439999999999,12.5,0.0,28649.017999999996
266,Myanmar,2015,4.3069999999999995,2.23,66.464,41.1,0.9192,70.142,59687410896.5734,1138.99298,14654.403,9574.412,25729.1,2722.8109999999997,0.7,6.2,52680.725999999995
267,Myanmar,2016,4.395,2.207,66.612,39.9,0.91474,69.918,63256184700.2223,1196.1032,14497.163999999999,9633.981,26074.555,2839.5009999999997,0.7,0.0,53045.200999999994
268,Myanmar,2017,4.54500007629395,2.187,66.744,38.5,0.9136200000000001,69.678,67068745521.3823,1256.66067,14331.442,9692.474,26389.974,2968.633,0.7,0.0,53382.523
269,Namibia,2016,4.574,3.415,64.388,32.7,2.208,52.038999999999994,11281259987.2185,4549.42164,869.456,488.344,912.8910000000001,87.353,12.3,0.0,2358.044
270,Namibia,2017,4.57399988174438,3.3539999999999996,64.85,31.8,2.1575,50.995,13253698014.7075,5230.7717299999995,886.1519999999999,488.04,940.291,88.15,12.1,0.0,2402.633
271,Nepal,2015,4.513999999999999,2.162,69.887,29.9,1.169,81.443,21410840908.5198,747.16046,9010.435,5933.8730000000005,10573.94,1496.783,0.2,0.0,27015.031000000003
272,Nepal,2016,4.793,2.1180000000000003,70.253,28.8,1.13289,81.058,21185922407.5922,730.98333,8812.265,6087.983,10836.323,1526.862,0.2,0.0,27263.432999999997
273,Nepal,2017,4.961999893188481,2.083,70.604,27.8,1.10565,80.664,24880266905.4961,849.0110400000001,8659.118,6220.4169999999995,11187.841,1565.305,0.2,0.0,27632.681
274,Nicaragua,2015,5.827999999999999,2.231,75.149,15.9,1.1249799999999999,42.105,12611087031.4931,2073.4979399999997,1946.406,1209.931,2771.281,295.622,0.2,0.0,6223.24
275,Nicaragua,2016,5.992000000000001,2.2,75.404,15.3,1.1101,41.91,13184989877.5664,2143.92589,1948.201,1205.318,2842.579,307.876,0.2,0.0,6303.974
276,Nicaragua,2017,6.07100009918213,2.171,75.653,14.8,1.09405,41.701,13814261535.5434,2221.80644,1950.4679999999998,1199.8210000000001,2911.9759999999997,322.58099999999996,0.2,0.0,6384.846
277,Niger,2015,3.845,7.29,59.667,51.6,3.83575,83.75299999999999,7217667780.59665,362.7522,10033.891,3764.712,5687.925,515.135,0.4,0.0,20001.663
278,Niger,2016,3.8560000000000003,7.239,60.058,49.9,3.8260699999999996,83.71,7528285443.607691,364.16051,10427.109,3939.328,5885.119000000001,537.242,0.3,0.0,20788.798
279,Niger,2017,4.02799987792969,7.184,60.422,48.3,3.8170900000000003,83.65,8119710126.3489,378.05925,10821.256000000001,4123.054,6098.406,559.6659999999999,0.3,0.0,21602.382
280,Nigeria,2015,5.268,5.591,52.985,68.7,2.64036,52.162,494583180777.234,2729.76278,79936.869,34304.744,61940.733,4955.102,2.9,0.0,181137.448
281,Nigeria,2016,4.875,5.526,53.428000000000004,66.6,2.61903,51.317,404649527537.71295,2175.65628,82019.705,35273.921,63560.138,5106.477,2.8,0.0,185960.241
282,Nigeria,2017,5.07399988174438,5.457000000000001,53.875,64.6,2.5987,50.481,375745486520.656,1968.42552,84009.266,36344.452000000005,65272.16099999999,5247.365,2.8,0.0,190873.24399999998
283,Oman,2015,6.853,2.737,76.801,9.6,5.85617,18.65,68921456436.9311,16410.61297,931.722,625.685,2612.6679999999997,97.273,0.0,0.0,4267.348
284,Pakistan,2015,5.194,3.55,66.322,64.6,2.04541,63.974,270556126820.064,1428.6376300000002,71667.4,40596.642,78567.663,8595.259,0.1,3.9,199426.96399999998
285,Pakistan,2016,5.132000000000001,3.4810000000000003,66.48100000000001,62.9,1.99856,63.766000000000005,278654637737.69,1442.28584,72692.79,41083.104,81067.757,8787.702,0.1,0.0,203631.353
286,Pakistan,2017,5.26900005340576,3.4139999999999997,66.62899999999999,61.2,1.9540799999999998,63.558,304951818494.06604,1547.85341,73762.256,41524.54,83650.68,8968.733,0.1,0.0,207906.20899999997
287,Panama,2015,6.7860000000000005,2.541,77.806,14.8,1.65788,33.304,54091713775.5634,13627.69475,1104.892,666.841,1896.844,299.91,0.9,2.0,3968.487
288,Panama,2016,6.7010000000000005,2.5140000000000002,78.001,14.3,1.6211,32.973,57957594212.2216,14366.85289,1114.3039999999999,675.097,1935.694,311.983,1.0,2.2,4037.078
289,Panama,2017,6.4520001411438,2.487,78.195,13.9,1.58543,32.635,62283756584.4322,15196.397340000001,1122.769,683.508,1975.65,324.842,1.0,2.5,4106.769
290,Paraguay,2015,5.877999999999999,2.509,73.023,19.0,1.31198,39.25,36164068797.2511,5447.11863,2035.7120000000002,1350.162,2909.507,393.365,0.5,1.9,6688.746
291,Paraguay,2016,5.537999999999999,2.48,73.12,18.4,1.2898399999999999,38.974000000000004,36054281572.3981,5360.98593,2035.0729999999999,1351.89,2980.383,410.526,0.5,1.7,6777.871999999999
292,Paraguay,2017,5.493000030517581,2.4530000000000003,73.211,17.9,1.2704799999999998,38.7,39667400816.2126,5823.76614,2039.816,1350.213,3048.458,428.574,0.5,1.2,6867.061
293,Peru,2015,5.824,2.4290000000000003,74.747,12.6,1.29374,22.643,189926516769.25,6053.11241,8556.7,5446.295999999999,14235.573,2232.165,0.3,3.6,30470.734
294,Peru,2016,5.742999999999999,2.4,74.983,12.1,1.25786,22.461,191639655121.33,6031.3660899999995,8380.964,5436.726,14771.034,2337.308,0.3,3.5,30926.032000000003
295,Peru,2017,5.71500015258789,2.37,75.22,11.6,1.22507,22.28,211389272242.15698,6571.92864,8289.502,5381.714,15317.03,2456.052,0.3,3.4,31444.298
296,Puerto Rico,2016,7.039,1.2425,79.78832,0.0,-1.9382700000000002,6.398,103960800000.0,30518.40675,591.179,441.21,1696.6989999999998,554.0369999999999,0.0,0.0,3283.125
297,Rwanda,2015,3.465,3.967,66.696,31.4,2.4740900000000003,82.99600000000001,8277613193.576309,711.7739799999999,4614.872,2249.448,4199.0470000000005,305.704,2.8,0.0,11369.071000000002
298,Rwanda,2016,3.515,3.885,67.12899999999999,30.1,2.4459,82.944,8475681532.52169,711.19579,4705.319,2298.107,4342.664000000001,322.737,2.8,55.5,11668.827
299,Rwanda,2017,3.47099995613098,3.8089999999999997,67.49600000000001,28.9,2.41162,82.875,9135454442.14013,748.29209,4808.694,2351.44,4479.398,341.42900000000003,2.7,0.0,11980.961000000001
300,Saudi Arabia,2015,6.4110000000000005,2.5789999999999997,74.4,7.2,2.50414,16.82,654269902880.0,20732.861719999997,8190.404,4831.522,17737.641,958.1,0.0,0.0,31717.667
301,Saudi Arabia,2016,6.379,2.532,74.561,6.7,2.25142,16.599,644935541440.0,19982.08563,8281.088,4862.254,18292.307,1007.798,0.0,0.0,32443.447
302,Saudi Arabia,2017,6.343999862670901,2.491,74.72,6.3,2.03193,16.378,686738400000.0,20849.29137,8361.046999999999,4837.719,18840.681,1061.732,0.0,0.0,33101.179
303,Sierra Leone,2015,4.507,4.561,51.423,88.1,2.20547,59.17100000000001,4218723875.1379,582.9362,3006.031,1450.578,2501.0229999999997,214.282,1.4,0.0,7171.914000000001
304,Sierra Leone,2016,4.635,4.457,51.835,84.7,2.17548,58.772,3556036534.5692296,480.79302,3051.49,1483.7020000000002,2574.518,219.12400000000002,1.4,0.0,7328.834
305,Sierra Leone,2017,4.70900011062622,4.359,52.214,81.7,2.15373,58.364,3775047333.92116,499.5291,3096.954,1517.5739999999998,2650.6020000000003,223.293,1.4,0.0,7488.423000000001
306,Singapore,2015,6.797999999999999,1.24,82.7439,2.1,1.18638,0.0,304097759674.134,54940.85814,0.0,0.0,0.0,0.0,0.2,0.0,0.0
307,Singapore,2016,6.739,1.2,82.84634,2.2,1.29744,0.0,309763879840.753,55243.13288,694.789,772.27,3634.3,552.275,0.2,0.0,5653.634
308,Singapore,2017,6.57200002670288,1.16,82.89511999999999,2.2,0.0886,0.0,323907234412.34,57714.29663,697.092,750.82,3656.224,603.905,0.2,0.0,5708.041
309,Sudan,2015,4.55,4.595,64.257,45.9,2.38247,66.10600000000001,97156119150.0,2513.88466,16146.248,7809.875,13607.083,1339.744,0.2,0.0,38902.95
310,Sudan,2016,4.138999999999999,4.532,64.486,44.8,2.38044,65.87899999999999,95584380032.2061,2415.03816,16412.408,8040.608,14003.938,1390.485,0.2,0.0,39847.439
311,Sudan,2017,4.138999938964839,4.468999999999999,64.69800000000001,43.7,2.3830299999999998,65.63,117487857142.857,2898.54935,16674.16,8271.056,14425.343,1442.838,0.2,0.0,40813.397000000004
312,Togo,2015,2.839,4.5169999999999995,59.949,51.9,2.5659,59.9,4179185205.1612206,563.4753599999999,3085.695,1404.295,2627.933,205.235,2.3,49.2,7323.158
313,Togo,2016,3.303,4.45,60.232,50.5,2.52386,59.372,4457732624.94515,586.05225,3147.007,1443.983,2706.5429999999997,212.418,2.2,0.0,7509.951
314,Togo,2017,3.4949998855590803,4.3839999999999995,60.477,49.2,2.48415,58.838,4757776485.12802,610.1517299999999,3205.458,1487.526,2786.066,219.424,2.1,0.0,7698.474
315,Uruguay,2015,6.485,2.0069999999999997,77.34100000000001,7.6,0.35048,4.955,53274304222.135994,15524.84247,719.43,518.446,1679.97,494.163,0.6,0.1,3412.009
316,Uruguay,2016,6.545,1.995,77.493,7.3,0.36227,4.856,52687612261.5424,15298.35089,717.073,515.9730000000001,1691.457,499.626,0.6,0.1,3424.1290000000004
317,Uruguay,2017,6.4539999961853,1.984,77.645,7.0,0.36935,4.76,56156972157.6958,16245.59837,714.0319999999999,512.72,1704.695,505.194,0.6,0.1,3436.6409999999996
318,Uzbekistan,2015,6.002999999999999,2.491,71.192,22.7,1.74426,49.25,66903804142.5395,2137.57685,8770.030999999999,5984.195,14920.013,1255.318,0.2,0.0,30929.557
319,Uzbekistan,2016,5.987,2.455,71.314,21.3,1.73885,49.35,67445712840.4013,2117.74443,8925.857,5853.576999999999,15360.117,1302.2,0.2,0.0,31441.751
320,Uzbekistan,2017,5.97100019454956,2.455,71.42,20.0,1.67918,49.45,49677172714.26,1533.85204,9114.395,5700.299,15782.083,1363.0079999999998,0.3,0.0,31959.785
321,Yemen,2015,4.077,4.104,64.743,43.2,2.52025,65.223,45593573381.2648,1693.9078100000002,10782.481000000002,5843.757,9130.793,740.8580000000001,0.0,0.0,26497.889
322,Yemen,2016,3.7239999999999998,3.995,64.953,43.2,2.4515,64.60600000000001,36436652465.1639,1320.92413,10966.228000000001,5903.955,9530.346,767.679,0.0,0.0,27168.208
323,Yemen,2017,3.59299993515015,3.889,65.157,43.2,2.38647,63.983999999999995,31267675216.25,1106.8039099999999,11134.316,5955.195,9951.56,793.748,0.0,0.0,27834.819
324,Zambia,2015,5.129,5.041,61.397,44.2,3.02412,58.093,21154394545.895,1313.88965,7333.806,3236.3720000000003,4982.589,326.594,12.0,57.5,15879.361
325,Zambia,2016,4.795,4.981,61.873999999999995,43.0,3.0028200000000003,57.562,20954754378.1394,1262.9896800000001,7500.735,3350.8720000000003,5173.012,338.839,11.8,0.0,16363.458
326,Zambia,2017,4.513999938964839,4.925,62.255,41.5,2.98512,57.023999999999994,25868142073.452003,1513.27632,7653.45,3474.492,5374.2919999999995,351.365,11.5,0.0,16853.599
327,Zimbabwe,2015,4.61,3.8360000000000003,60.398,40.2,2.34564,67.615,19963120600.0,1265.29441,5878.4490000000005,2827.98,4715.285,392.915,14.0,0.0,13814.628999999999
328,Zimbabwe,2016,4.1930000000000005,3.76,61.163000000000004,38.2,2.33607,67.704,20548678100.0,1272.33545,5986.053000000001,2827.7729999999997,4814.988,401.517,13.7,0.0,14030.331
329,Zimbabwe,2017,3.875,3.682,61.711999999999996,36.5,2.32286,67.763,22040902300.0,1333.39566,6064.486,2847.031,4912.759,412.319,13.3,0.0,14236.595
330,Serbia,2015,5.122999999999999,1.46,75.2878,5.5,-0.49477,44.303999999999995,37160332465.1645,5237.25533,1434.861,1097.938,4838.771,1505.207,0.1,0.1,8876.777
331,Serbia,2016,5.1770000000000005,1.46,75.6878,5.2,-0.52369,44.19,38299854688.1277,5426.19828,1414.618,1084.441,4812.264,1542.64,0.1,0.0,8853.963
332,Serbia,2017,5.39499998092651,1.46,76.0878,5.0,-0.5321899999999999,44.058,41431648801.1663,5901.22301,1397.3670000000002,1072.316,4779.905,1580.04,0.1,0.0,8829.628
333,Montenegro,2015,5.192,1.6769999999999998,76.938,3.8,0.05611,34.194,4052913385.8267703,6514.2727,115.977,85.186,339.38,86.413,0.1,0.0,626.956
334,Montenegro,2016,5.1610000000000005,1.6669999999999998,77.116,3.5,0.02314,33.859,4374130530.97345,7028.94013,114.99799999999999,84.40799999999999,339.151,88.70700000000001,0.1,0.0,627.264
335,Montenegro,2017,5.23699998855591,1.6580000000000001,77.271,3.2,0.01125,33.523,4844592066.71174,7784.0652900000005,114.53200000000001,83.39,338.345,91.296,0.1,0.0,627.563
336,Romania,2015,5.124,1.58,75.0122,7.8,-0.47073000000000004,46.113,177893451831.14102,8977.49854,3093.611,2218.13,11233.043,3380.3909999999996,0.1,5.7,19925.175
337,Romania,2016,5.528,1.64,75.30976,7.2,-0.57265,46.1,188494136775.719,9567.09778,3053.377,2143.9570000000003,11150.098999999998,3448.8520000000003,0.1,0.0,19796.285
338,Romania,2017,5.824999809265139,1.64,75.30976,6.6,-0.60248,46.06399999999999,211883923504.01,10819.24402,3036.437,2085.965,11017.098,3514.469,0.1,0.0,19653.968999999997
339,Ukraine,2015,4.681,1.506,71.18951,8.1,-0.26081,30.939,91030959454.6961,2124.6626699999997,0.0,0.0,0.0,0.0,0.9,0.1,0.0
340,Ukraine,2016,4.324,1.466,71.47634000000001,7.8,-0.33138,30.846,93355993628.5042,2187.732,0.0,0.0,0.0,0.0,0.9,0.1,0.0
341,Ukraine,2017,4.09600019454956,1.374,71.78098,7.5,-0.38628,30.754,112154185121.40599,2639.82433,0.0,0.0,0.0,0.0,0.9,0.0,0.0
342,Suriname,2015,6.269,2.396,71.279,18.7,0.9590200000000001,33.944,4767414747.88691,8617.76176,156.031,98.25,267.908,36.954,1.3,0.0,559.143
343,Suriname,2016,6.269,2.372,71.405,18.1,0.92842,33.96,3152173913.04348,5645.3341,156.36700000000002,98.56299999999999,272.067,37.891,1.3,0.0,564.888
344,Turkmenistan,2015,5.547999999999999,2.931,67.704,43.0,1.79568,49.683,35799714285.7143,6432.68417,1694.3029999999999,1020.58,2623.637,226.767,0.0,0.0,5565.286999999999
345,Turkmenistan,2016,5.6579999999999995,2.888,67.835,41.7,1.73252,49.272,36180000000.0,6389.35433,1745.61,997.294,2684.0409999999997,235.423,0.0,0.0,5662.368
346,Turkmenistan,2017,5.82200002670288,2.8360000000000003,67.956,40.6,1.673,48.847,37926285714.2857,6586.62586,1779.713,978.6519999999999,2753.018,246.28400000000002,0.0,0.0,5757.6669999999995
347,Uganda,2015,3.931,5.682,59.575,39.0,3.32156,77.94,27102650386.6012,675.1211400000001,18343.448,7837.156999999999,11325.126,719.722,6.3,0.0,38225.453
348,Uganda,2016,3.739,5.591,59.888999999999996,37.0,3.2908699999999995,77.376,24133664284.5033,581.70277,18902.523999999998,8156.073,11836.927,753.6419999999999,6.1,41.7,39649.166
349,Uganda,2017,4.08099985122681,5.5,60.181999999999995,35.4,3.2604599999999997,76.804,25995031850.1658,606.46845,19480.004,8501.143,12394.917,790.5239999999999,5.9,0.0,41166.587999999996
350,Slovenia,2015,5.848,1.57,80.77561,1.9,0.07518999999999999,46.218999999999994,43072415017.4321,20873.16111,303.844,202.09900000000002,1192.165,373.091,0.1,0.0,2071.199
351,Slovenia,2016,5.768,1.58,81.17560999999999,1.8,0.0732,45.98,44708598648.8562,21650.21276,306.547,197.489,1186.844,383.33,0.1,0.0,2074.21
352,Slovenia,2017,5.75799989700317,1.58,81.17560999999999,1.7,0.06516,45.727,48769655479.2388,23601.40278,309.428,193.68599999999998,1178.281,394.999,0.1,0.0,2076.394
353,Philippines,2015,5.073,2.958,68.95100000000001,23.0,1.5996,53.716,292774099013.687,2878.33837,32964.143,19863.741,44585.933,4699.395,0.1,7.8,102113.212
354,Philippines,2016,5.279,2.925,69.094,22.7,1.5645,53.525,304889079564.14197,2950.9139,33091.184,20042.482,45592.685999999994,4937.464,0.1,0.0,103663.81599999999
355,Philippines,2017,5.42999982833862,2.8939999999999997,69.238,22.2,1.5346799999999998,53.318000000000005,313595208736.66,2988.9527,33095.825,20199.959,46684.652,5192.4890000000005,0.1,0.0,105172.925
356,Turkey,2015,5.332000000000001,2.072,75.498,11.6,1.59801,26.389,859796691176.471,10984.80288,20103.363,13007.676000000001,39238.997,6179.3730000000005,0.0,0.3,78529.409
357,Turkey,2016,5.388999999999999,2.053,75.755,10.8,1.57301,25.866,863721731068.5079,10862.726429999999,20215.824,13141.716,40044.181000000004,6426.15,0.0,0.2,79827.871
358,Turkey,2017,5.5,2.0340000000000003,76.009,10.0,1.5383,25.355999999999998,851549299635.427,10546.152559999999,20281.349,13287.836000000001,40850.525,6696.74,0.0,0.0,81116.45
359,Sweden,2015,7.364,1.85,82.20488,2.4,1.05745,13.447000000000001,498117638852.89703,50832.55271,1688.78,1203.549,4957.859,1914.7620000000002,0.0,0.5,9764.95
360,Sweden,2016,7.291,1.85,82.30731999999999,2.4,1.25645,13.148,512205240408.433,51617.54035,1710.318,1176.233,4997.973,1951.483,0.0,0.0,9836.007
361,Sweden,2017,7.28399991989136,1.85,82.30731999999999,2.3,1.34745,12.854000000000001,535607385506.432,53253.47664,1732.878,1145.599,5046.29,1980.129,0.0,0.0,9904.896
362,United Arab Emirates,2015,6.901,1.765,77.101,7.5,0.91561,14.325999999999999,358135057862.492,39122.04971,1311.987,988.052,6876.404,86.45700000000001,0.0,0.0,9262.9
363,United Arab Emirates,2016,6.5729999999999995,1.7480000000000002,77.256,7.7,1.25176,14.035,357045064669.84296,38517.80039,1346.625,1065.667,6856.295999999999,92.39200000000001,0.0,0.0,9360.98
364,United Arab Emirates,2017,6.6479997634887695,1.7309999999999999,77.41199999999999,7.8,1.39836,13.752,382575085091.899,40698.84934,1376.0639999999999,1129.983,6882.994000000001,98.162,0.0,0.0,9487.203000000001
365,South Africa,2015,4.6419999999999995,2.485,61.981,31.8,1.36877,35.172,317536830640.61896,5742.9878,16223.292,10013.768,26363.687,2785.62,18.8,0.0,55386.367
366,South Africa,2016,4.459,2.458,62.773999999999994,30.0,1.3013700000000001,34.659,295746599722.06604,5279.73047,16420.142,9945.056999999999,26963.368,2879.079,18.9,0.0,56207.64599999999
367,South Africa,2017,4.8289999961853,2.43,63.403999999999996,28.8,1.24488,34.15,348871647959.64,6151.0779600000005,16618.492,9883.194,27532.629,2975.441,18.8,0.0,57009.755999999994
368,Switzerland,2015,7.587000000000001,1.54,82.89756,3.8,1.13834,26.281999999999996,679832291693.2571,82081.59712,1227.369,942.461,4633.747,1493.1979999999999,0.0,0.0,8296.775
369,Switzerland,2016,7.5089999999999995,1.54,83.60244,3.8,1.0920299999999998,26.261,670181065629.156,80037.50304,1242.9560000000001,937.6389999999999,4671.755,1527.567,0.0,0.0,8379.917
370,Switzerland,2017,7.49399995803833,1.54,83.60244,3.7,0.92145,26.239,678965423322.021,80342.84634,1257.589,931.523,4708.214,1558.4779999999998,0.0,0.0,8455.804
371,Tajikistan,2015,4.7860000000000005,3.404,70.87899999999999,31.3,2.19868,73.258,7854602391.65355,918.81191,3029.8790000000004,1691.5720000000001,3483.615,248.96200000000002,0.2,4.8,8454.028
372,Tajikistan,2016,4.996,3.36,71.051,30.3,2.15588,73.149,6952678127.03396,795.96075,3130.094,1679.285,3597.836,256.36400000000003,0.3,0.0,8663.579
373,Tajikistan,2017,5.04099988937378,3.313,71.214,29.4,2.11142,73.018,7146449583.026309,801.05087,3237.072,1666.5639999999999,3711.759,264.873,0.3,0.0,8880.268
374,Belarus,2015,5.813,1.724,73.62439,3.1,0.1593,22.819000000000003,56454734396.5842,5949.10631,1535.1860000000001,1060.622,5491.624,1351.991,0.4,0.0,9439.423
375,Belarus,2016,5.8020000000000005,1.733,73.82683,2.9,0.12550999999999998,22.339000000000002,47749057078.1996,5025.40506,1559.8670000000002,1011.268,5512.848000000001,1361.66,0.4,0.0,9445.643
376,Belarus,2017,5.5689997673034695,1.541,74.12926999999999,2.8,-0.03442,21.866,54456465472.6162,5733.30721,1578.934,965.9839999999999,5527.93,1377.3829999999998,0.4,0.0,9450.231
377,Tunisia,2015,4.739,2.2230000000000003,75.525,12.0,1.15761,31.944000000000003,43152528548.124,3827.7298299999998,2659.71,1737.191,5926.104,856.944,0.1,0.3,11179.948999999999
378,Tunisia,2016,5.045,2.201,75.73100000000001,11.6,1.14291,31.654,41808379888.2682,3666.35715,2712.768,1705.485,6000.654,885.038,0.1,0.0,11303.945
379,Tunisia,2017,4.80499982833862,2.175,75.943,11.2,1.12386,31.358,39952095560.8829,3464.41689,2756.789,1675.797,6080.198,920.659,0.1,0.0,11433.443000000001
380,Sri Lanka,2015,4.271,2.063,75.08800000000001,8.2,0.9007299999999999,81.744,80604080688.7961,3844.5140100000003,5179.475,3125.827,10639.062,1963.6629999999998,0.1,0.0,20908.027
381,Sri Lanka,2016,4.415,2.046,75.28399999999999,7.8,1.12406,81.689,81787420023.358,3857.35132,5170.108,3116.4390000000003,10681.178,2053.446,0.1,0.8,21021.171000000002
382,Sri Lanka,2017,4.44000005722046,2.032,75.485,7.5,1.13022,81.616,87357205923.1238,4073.7365200000004,5156.737,3113.565,10718.813999999998,2138.916,0.1,0.0,21128.032000000003
383,Qatar,2015,6.611000000000001,1.929,78.036,6.9,4.4126199999999995,1.055,161739835164.835,65177.22879,344.67400000000004,360.915,1834.5020000000002,25.619,0.1,0.0,2565.71
384,Qatar,2016,6.375,1.9069999999999998,78.184,6.7,3.4950699999999997,0.985,151732142857.143,59044.24729,358.311,378.68,1887.95,29.433000000000003,0.1,0.0,2654.3740000000003
385,Qatar,2017,6.375,1.886,78.331,6.5,2.6650400000000003,0.922,166928571428.57098,63249.42243,368.131,388.278,1934.747,33.571999999999996,0.1,0.0,2724.728
386,Senegal,2015,3.904,4.84,66.78399999999999,34.9,2.9191599999999998,54.138000000000005,17767620058.8554,1186.32751,6337.8009999999995,2884.953,4909.39,446.315,0.5,0.0,14578.458999999999
387,Senegal,2016,4.218999999999999,4.769,67.146,33.8,2.86061,53.70399999999999,18973894458.795,1231.1426,6503.816999999999,2954.7509999999997,5075.366,459.585,0.4,0.0,14993.518999999998
388,Senegal,2017,4.53499984741211,4.695,67.477,32.7,2.80839,53.26,21070225734.7861,1329.30423,6666.764,3028.717,5249.803000000001,474.07099999999997,0.4,0.0,15419.355
389,Trinidad and Tobago,2015,6.167999999999999,1.766,70.556,24.5,0.41251000000000004,46.681000000000004,24401734194.6814,17941.23794,283.365,185.535,768.95,132.47799999999998,1.2,0.0,1370.328
390,Trinidad and Tobago,2016,6.167999999999999,1.7519999999999998,70.673,23.8,0.35741999999999996,46.75,22295585700.3672,16334.21714,284.078,181.378,774.227,137.877,1.2,0.0,1377.56
391,Trinidad and Tobago,2017,6.1680002212524405,1.739,70.783,23.1,0.30453,46.795,22079017626.6686,16126.37095,284.265,178.32299999999998,778.0189999999999,143.452,1.1,0.0,1384.059
392,Thailand,2015,6.455,1.4980000000000002,75.10300000000001,9.0,0.35138,52.306000000000004,401399422442.96704,5846.39461,12350.896,9649.106,39429.375,7285.134,1.2,0.0,68714.511
393,Thailand,2016,6.474,1.482,75.303,8.5,0.29946999999999996,51.552,411755164832.674,5979.29355,12170.443000000001,9627.12,39582.723,7591.022,1.1,0.0,68971.308
394,Thailand,2017,6.4239997863769505,1.4669999999999999,75.498,8.2,0.25235,50.8,455302682985.757,6595.0041200000005,12010.546999999999,9556.673,39727.089,7915.501,1.1,0.0,69209.81
395,South Sudan,2016,3.832,4.855,56.81100000000001,62.5,2.89155,80.908,2904114903.22912,237.44412000000003,4579.380999999999,2192.7129999999997,3689.703,370.721,2.5,0.0,10832.518
396,South Sudan,2017,3.5910000801086404,4.774,57.288000000000004,62.5,2.78159,80.654,0.0,0.0,4588.721,2207.806,3741.55,372.686,2.4,0.0,10910.763
397,Spain,2015,6.329,1.33,82.83171,2.7,-0.07758999999999999,20.398,1199084183705.08,25817.386609999998,6957.069,4554.312,26457.708,8702.837,0.4,1.0,46671.926
398,Spain,2016,6.361000000000001,1.34,83.32927,2.6,0.08337,20.16,1237499479181.11,26622.29914,6885.713000000001,4524.519,26405.14,8818.768,0.4,0.0,46634.14
399,Spain,2017,6.40299987792969,1.34,83.32927,2.6,0.23551,19.92,1314314164402.2,28208.300410000003,6858.729,4497.126,26360.527000000002,8931.046,0.4,0.0,46647.428
400,Somalia,2016,5.44,6.267,56.293,82.1,2.90437,56.184,6761998533.93861,472.27269,6659.213000000001,2927.672,4197.4529999999995,401.298,0.1,0.0,14185.636
401,Somalia,2017,5.151000022888179,6.171,56.714,79.7,2.92188,55.608999999999995,7052000000.0,478.34417,6820.876,3033.5,4318.474,416.329,0.1,0.0,14589.178999999998
